mouse,date,injection,block,trialNo,sample,choice
Mn4656,2019-10-09,Saline,1,1,L,R
Mn4656,2019-10-09,Saline,1,2,L,L
Mn4656,2019-10-09,Saline,1,3,R,R
Mn4656,2019-10-09,Saline,1,4,L,R
Mn4656,2019-10-09,Saline,1,5,R,L
Mn4656,2019-10-09,Saline,1,6,R,R
Mn4656,2019-10-09,Saline,1,7,L,R
Mn4656,2019-10-09,Saline,1,8,L,R
Mn4656,2019-10-09,Saline,1,9,R,L
Mn4656,2019-10-09,Saline,1,10,L,R
Mn4656,2019-10-09,Saline,1,11,L,R
Mn4656,2019-10-09,Saline,1,12,R,L
Mn4656,2019-10-09,Saline,1,13,R,L
Mn4656,2019-10-09,Saline,1,14,L,R
Mn4656,2019-10-09,Saline,1,15,R,L
Mn4656,2019-10-09,Saline,1,16,R,L
Mn4656,2019-10-09,Saline,1,17,L,R
Mn4656,2019-10-09,Saline,1,18,R,L
Mn4656,2019-10-09,Saline,1,19,R,L
Mn4656,2019-10-09,Saline,1,20,L,R
Mn848,2019-10-09,Saline,1,1,L,L
Mn848,2019-10-09,Saline,1,2,L,R
Mn848,2019-10-09,Saline,1,3,R,R
Mn848,2019-10-09,Saline,1,4,L,R
Mn848,2019-10-09,Saline,1,5,R,R
Mn848,2019-10-09,Saline,1,6,R,R
Mn848,2019-10-09,Saline,1,7,L,R
Mn848,2019-10-09,Saline,1,8,L,R
Mn848,2019-10-09,Saline,1,9,R,R
Mn848,2019-10-09,Saline,1,10,L,R
Mn848,2019-10-09,Saline,1,11,L,R
Mn848,2019-10-09,Saline,1,12,R,R
Mn848,2019-10-09,Saline,1,13,R,R
Mn848,2019-10-09,Saline,1,14,L,R
Mn848,2019-10-09,Saline,1,15,R,R
Mn848,2019-10-09,Saline,1,16,R,R
Mn848,2019-10-09,Saline,1,17,L,R
Mn848,2019-10-09,Saline,1,18,R,R
Mn848,2019-10-09,Saline,1,19,R,R
Mn848,2019-10-09,Saline,1,20,L,R
Mn4672,2019-10-09,Saline,1,1,L,L
Mn4672,2019-10-09,Saline,1,2,L,L
Mn4672,2019-10-09,Saline,1,3,R,L
Mn4672,2019-10-09,Saline,1,4,L,R
Mn4672,2019-10-09,Saline,1,5,R,L
Mn4672,2019-10-09,Saline,1,6,R,L
Mn4672,2019-10-09,Saline,1,7,L,R
Mn4672,2019-10-09,Saline,1,8,L,L
Mn4672,2019-10-09,Saline,1,9,R,R
Mn4672,2019-10-09,Saline,1,10,L,L
Mn4672,2019-10-09,Saline,1,11,L,R
Mn4672,2019-10-09,Saline,1,12,R,L
Mn4672,2019-10-09,Saline,1,13,R,R
Mn4672,2019-10-09,Saline,1,14,L,L
Mn4672,2019-10-09,Saline,1,15,R,L
Mn4672,2019-10-09,Saline,1,16,R,L
Mn4672,2019-10-09,Saline,1,17,L,L
Mn4672,2019-10-09,Saline,1,18,R,L
Mn4672,2019-10-09,Saline,1,19,R,L
Mn4672,2019-10-09,Saline,1,20,L,L
Mn4673,2019-10-09,Saline,1,1,L,R
Mn4673,2019-10-09,Saline,1,2,L,L
Mn4673,2019-10-09,Saline,1,3,R,L
Mn4673,2019-10-09,Saline,1,4,L,L
Mn4673,2019-10-09,Saline,1,5,R,L
Mn4673,2019-10-09,Saline,1,6,R,L
Mn4673,2019-10-09,Saline,1,7,L,L
Mn4673,2019-10-09,Saline,1,8,L,L
Mn4673,2019-10-09,Saline,1,9,R,L
Mn4673,2019-10-09,Saline,1,10,L,L
Mn4673,2019-10-09,Saline,1,11,L,L
Mn4673,2019-10-09,Saline,1,12,R,L
Mn4673,2019-10-09,Saline,1,13,R,L
Mn4673,2019-10-09,Saline,1,14,L,L
Mn4673,2019-10-09,Saline,1,15,R,L
Mn4673,2019-10-09,Saline,1,16,R,L
Mn4673,2019-10-09,Saline,1,17,L,L
Mn4673,2019-10-09,Saline,1,18,R,L
Mn4673,2019-10-09,Saline,1,19,R,L
Mn4673,2019-10-09,Saline,1,20,L,L
Mn7712,2019-10-09,Saline,1,1,L,R
Mn7712,2019-10-09,Saline,1,2,L,L
Mn7712,2019-10-09,Saline,1,3,R,L
Mn7712,2019-10-09,Saline,1,4,L,L
Mn7712,2019-10-09,Saline,1,5,R,L
Mn7712,2019-10-09,Saline,1,6,R,L
Mn7712,2019-10-09,Saline,1,7,L,R
Mn7712,2019-10-09,Saline,1,8,L,R
Mn7712,2019-10-09,Saline,1,9,R,L
Mn7712,2019-10-09,Saline,1,10,L,R
Mn7712,2019-10-09,Saline,1,11,L,R
Mn7712,2019-10-09,Saline,1,12,R,L
Mn7712,2019-10-09,Saline,1,13,R,R
Mn7712,2019-10-09,Saline,1,14,L,R
Mn7712,2019-10-09,Saline,1,15,R,L
Mn7712,2019-10-09,Saline,1,16,R,R
Mn7712,2019-10-09,Saline,1,17,L,R
Mn7712,2019-10-09,Saline,1,18,R,R
Mn7712,2019-10-09,Saline,1,19,R,L
Mn7712,2019-10-09,Saline,1,20,L,L
Mn7735,2019-10-09,Saline,1,1,L,R
Mn7735,2019-10-09,Saline,1,2,L,R
Mn7735,2019-10-09,Saline,1,3,R,L
Mn7735,2019-10-09,Saline,1,4,L,L
Mn7735,2019-10-09,Saline,1,5,R,R
Mn7735,2019-10-09,Saline,1,6,R,L
Mn7735,2019-10-09,Saline,1,7,L,L
Mn7735,2019-10-09,Saline,1,8,L,R
Mn7735,2019-10-09,Saline,1,9,R,L
Mn7735,2019-10-09,Saline,1,10,L,R
Mn7735,2019-10-09,Saline,1,11,L,L
Mn7735,2019-10-09,Saline,1,12,R,L
Mn7735,2019-10-09,Saline,1,13,R,R
Mn7735,2019-10-09,Saline,1,14,L,R
Mn7735,2019-10-09,Saline,1,15,R,L
Mn7735,2019-10-09,Saline,1,16,R,R
Mn7735,2019-10-09,Saline,1,17,L,R
Mn7735,2019-10-09,Saline,1,18,R,L
Mn7735,2019-10-09,Saline,1,19,R,R
Mn7735,2019-10-09,Saline,1,20,L,L
Mn829,2019-10-09,Saline,1,1,L,R
Mn829,2019-10-09,Saline,1,2,L,R
Mn829,2019-10-09,Saline,1,3,R,R
Mn829,2019-10-09,Saline,1,4,L,L
Mn829,2019-10-09,Saline,1,5,R,L
Mn829,2019-10-09,Saline,1,6,R,R
Mn829,2019-10-09,Saline,1,7,L,L
Mn829,2019-10-09,Saline,1,8,L,L
Mn829,2019-10-09,Saline,1,9,R,L
Mn829,2019-10-09,Saline,1,10,L,R
Mn829,2019-10-09,Saline,1,11,L,L
Mn829,2019-10-09,Saline,1,12,R,L
Mn829,2019-10-09,Saline,1,13,R,L
Mn829,2019-10-09,Saline,1,14,L,L
Mn829,2019-10-09,Saline,1,15,R,L
Mn829,2019-10-09,Saline,1,16,R,L
Mn829,2019-10-09,Saline,1,17,L,L
Mn829,2019-10-09,Saline,1,18,R,L
Mn829,2019-10-09,Saline,1,19,R,L
Mn829,2019-10-09,Saline,1,20,L,L
Mn4656,2019-10-10,nan,2,1,R,L
Mn4656,2019-10-10,nan,2,2,L,R
Mn4656,2019-10-10,nan,2,3,L,R
Mn4656,2019-10-10,nan,2,4,R,L
Mn4656,2019-10-10,nan,2,5,L,R
Mn4656,2019-10-10,nan,2,6,L,L
Mn4656,2019-10-10,nan,2,7,R,L
Mn4656,2019-10-10,nan,2,8,L,L
Mn4656,2019-10-10,nan,2,9,R,R
Mn4656,2019-10-10,nan,2,10,L,R
Mn4656,2019-10-10,nan,2,11,R,L
Mn4656,2019-10-10,nan,2,12,L,R
Mn4656,2019-10-10,nan,2,13,L,R
Mn4656,2019-10-10,nan,2,14,R,L
Mn4656,2019-10-10,nan,2,15,R,L
Mn4656,2019-10-10,nan,2,16,L,R
Mn4656,2019-10-10,nan,2,17,R,L
Mn4656,2019-10-10,nan,2,18,R,L
Mn4656,2019-10-10,nan,2,19,L,L
Mn4656,2019-10-10,nan,2,20,R,R
Mn848,2019-10-10,nan,2,1,R,R
Mn848,2019-10-10,nan,2,2,L,R
Mn848,2019-10-10,nan,2,3,L,R
Mn848,2019-10-10,nan,2,4,R,R
Mn848,2019-10-10,nan,2,5,L,R
Mn848,2019-10-10,nan,2,6,L,L
Mn848,2019-10-10,nan,2,7,R,L
Mn848,2019-10-10,nan,2,8,L,R
Mn848,2019-10-10,nan,2,9,R,R
Mn848,2019-10-10,nan,2,10,L,R
Mn848,2019-10-10,nan,2,11,R,R
Mn848,2019-10-10,nan,2,12,L,R
Mn848,2019-10-10,nan,2,13,L,R
Mn848,2019-10-10,nan,2,14,R,L
Mn848,2019-10-10,nan,2,15,R,R
Mn848,2019-10-10,nan,2,16,L,R
Mn848,2019-10-10,nan,2,17,R,L
Mn848,2019-10-10,nan,2,18,R,R
Mn848,2019-10-10,nan,2,19,L,R
Mn848,2019-10-10,nan,2,20,R,R
Mn4672,2019-10-10,nan,2,1,R,L
Mn4672,2019-10-10,nan,2,2,L,R
Mn4672,2019-10-10,nan,2,3,L,R
Mn4672,2019-10-10,nan,2,4,R,R
Mn4672,2019-10-10,nan,2,5,L,R
Mn4672,2019-10-10,nan,2,6,L,R
Mn4672,2019-10-10,nan,2,7,R,L
Mn4672,2019-10-10,nan,2,8,L,L
Mn4672,2019-10-10,nan,2,9,R,L
Mn4672,2019-10-10,nan,2,10,L,L
Mn4672,2019-10-10,nan,2,11,R,L
Mn4672,2019-10-10,nan,2,12,L,L
Mn4672,2019-10-10,nan,2,13,L,R
Mn4672,2019-10-10,nan,2,14,R,L
Mn4672,2019-10-10,nan,2,15,R,L
Mn4672,2019-10-10,nan,2,16,L,R
Mn4672,2019-10-10,nan,2,17,R,R
Mn4672,2019-10-10,nan,2,18,R,R
Mn4672,2019-10-10,nan,2,19,L,R
Mn4672,2019-10-10,nan,2,20,R,L
Mn4673,2019-10-10,nan,2,1,R,L
Mn4673,2019-10-10,nan,2,2,L,L
Mn4673,2019-10-10,nan,2,3,L,R
Mn4673,2019-10-10,nan,2,4,R,R
Mn4673,2019-10-10,nan,2,5,L,L
Mn4673,2019-10-10,nan,2,6,L,R
Mn4673,2019-10-10,nan,2,7,R,R
Mn4673,2019-10-10,nan,2,8,L,R
Mn4673,2019-10-10,nan,2,9,R,R
Mn4673,2019-10-10,nan,2,10,L,L
Mn4673,2019-10-10,nan,2,11,R,R
Mn4673,2019-10-10,nan,2,12,L,R
Mn4673,2019-10-10,nan,2,13,L,R
Mn4673,2019-10-10,nan,2,14,R,R
Mn4673,2019-10-10,nan,2,15,R,L
Mn4673,2019-10-10,nan,2,16,L,L
Mn4673,2019-10-10,nan,2,17,R,R
Mn4673,2019-10-10,nan,2,18,R,L
Mn4673,2019-10-10,nan,2,19,L,L
Mn4673,2019-10-10,nan,2,20,R,L
Mn7712,2019-10-10,nan,2,1,R,R
Mn7712,2019-10-10,nan,2,2,L,R
Mn7712,2019-10-10,nan,2,3,L,R
Mn7712,2019-10-10,nan,2,4,R,L
Mn7712,2019-10-10,nan,2,5,L,L
Mn7712,2019-10-10,nan,2,6,L,R
Mn7712,2019-10-10,nan,2,7,R,L
Mn7712,2019-10-10,nan,2,8,L,L
Mn7712,2019-10-10,nan,2,9,R,L
Mn7712,2019-10-10,nan,2,10,L,R
Mn7712,2019-10-10,nan,2,11,R,R
Mn7712,2019-10-10,nan,2,12,L,R
Mn7712,2019-10-10,nan,2,13,L,L
Mn7712,2019-10-10,nan,2,14,R,L
Mn7712,2019-10-10,nan,2,15,R,L
Mn7712,2019-10-10,nan,2,16,L,L
Mn7712,2019-10-10,nan,2,17,R,R
Mn7712,2019-10-10,nan,2,18,R,L
Mn7712,2019-10-10,nan,2,19,L,R
Mn7712,2019-10-10,nan,2,20,R,L
Mn7735,2019-10-10,nan,2,1,R,L
Mn7735,2019-10-10,nan,2,2,L,R
Mn7735,2019-10-10,nan,2,3,L,L
Mn7735,2019-10-10,nan,2,4,R,L
Mn7735,2019-10-10,nan,2,5,L,R
Mn7735,2019-10-10,nan,2,6,L,R
Mn7735,2019-10-10,nan,2,7,R,L
Mn7735,2019-10-10,nan,2,8,L,R
Mn7735,2019-10-10,nan,2,9,R,L
Mn7735,2019-10-10,nan,2,10,L,R
Mn7735,2019-10-10,nan,2,11,R,L
Mn7735,2019-10-10,nan,2,12,L,R
Mn7735,2019-10-10,nan,2,13,L,R
Mn7735,2019-10-10,nan,2,14,R,L
Mn7735,2019-10-10,nan,2,15,R,L
Mn7735,2019-10-10,nan,2,16,L,R
Mn7735,2019-10-10,nan,2,17,R,R
Mn7735,2019-10-10,nan,2,18,R,R
Mn7735,2019-10-10,nan,2,19,L,L
Mn7735,2019-10-10,nan,2,20,R,R
Mn829,2019-10-10,nan,2,1,R,L
Mn829,2019-10-10,nan,2,2,L,R
Mn829,2019-10-10,nan,2,3,L,R
Mn829,2019-10-10,nan,2,4,R,L
Mn829,2019-10-10,nan,2,5,L,L
Mn829,2019-10-10,nan,2,6,L,L
Mn829,2019-10-10,nan,2,7,R,L
Mn829,2019-10-10,nan,2,8,L,R
Mn829,2019-10-10,nan,2,9,R,L
Mn829,2019-10-10,nan,2,10,L,R
Mn829,2019-10-10,nan,2,11,R,L
Mn829,2019-10-10,nan,2,12,L,L
Mn829,2019-10-10,nan,2,13,L,R
Mn829,2019-10-10,nan,2,14,R,L
Mn829,2019-10-10,nan,2,15,R,L
Mn829,2019-10-10,nan,2,16,L,R
Mn829,2019-10-10,nan,2,17,R,L
Mn829,2019-10-10,nan,2,18,R,L
Mn829,2019-10-10,nan,2,19,L,R
Mn829,2019-10-10,nan,2,20,R,L
Mn4656,2019-10-12,nan,3,1,R,L
Mn4656,2019-10-12,nan,3,2,R,L
Mn4656,2019-10-12,nan,3,3,R,L
Mn4656,2019-10-12,nan,3,4,L,R
Mn4656,2019-10-12,nan,3,5,L,L
Mn4656,2019-10-12,nan,3,6,L,L
Mn4656,2019-10-12,nan,3,7,R,R
Mn4656,2019-10-12,nan,3,8,L,L
Mn4656,2019-10-12,nan,3,9,R,L
Mn4656,2019-10-12,nan,3,10,L,R
Mn4656,2019-10-12,nan,3,11,R,L
Mn4656,2019-10-12,nan,3,12,L,R
Mn4656,2019-10-12,nan,3,13,R,L
Mn4656,2019-10-12,nan,3,14,L,L
Mn4656,2019-10-12,nan,3,15,L,L
Mn4656,2019-10-12,nan,3,16,L,L
Mn4656,2019-10-12,nan,3,17,R,R
Mn4656,2019-10-12,nan,3,18,R,L
Mn4656,2019-10-12,nan,3,19,L,L
Mn4656,2019-10-12,nan,3,20,R,L
Mn848,2019-10-12,nan,3,1,R,R
Mn848,2019-10-12,nan,3,2,R,R
Mn848,2019-10-12,nan,3,3,R,L
Mn848,2019-10-12,nan,3,4,L,R
Mn848,2019-10-12,nan,3,5,L,R
Mn848,2019-10-12,nan,3,6,L,R
Mn848,2019-10-12,nan,3,7,R,R
Mn848,2019-10-12,nan,3,8,L,R
Mn848,2019-10-12,nan,3,9,R,L
Mn848,2019-10-12,nan,3,10,L,L
Mn848,2019-10-12,nan,3,11,R,R
Mn848,2019-10-12,nan,3,12,L,L
Mn848,2019-10-12,nan,3,13,R,L
Mn848,2019-10-12,nan,3,14,L,L
Mn848,2019-10-12,nan,3,15,L,L
Mn848,2019-10-12,nan,3,16,L,L
Mn848,2019-10-12,nan,3,17,R,L
Mn848,2019-10-12,nan,3,18,R,L
Mn848,2019-10-12,nan,3,19,L,L
Mn848,2019-10-12,nan,3,20,R,L
Mn4672,2019-10-12,nan,3,1,R,L
Mn4672,2019-10-12,nan,3,2,R,R
Mn4672,2019-10-12,nan,3,3,R,L
Mn4672,2019-10-12,nan,3,4,L,R
Mn4672,2019-10-12,nan,3,5,L,R
Mn4672,2019-10-12,nan,3,6,L,L
Mn4672,2019-10-12,nan,3,7,R,R
Mn4672,2019-10-12,nan,3,8,L,L
Mn4672,2019-10-12,nan,3,9,R,L
Mn4672,2019-10-12,nan,3,10,L,L
Mn4672,2019-10-12,nan,3,11,R,L
Mn4672,2019-10-12,nan,3,12,L,L
Mn4672,2019-10-12,nan,3,13,R,L
Mn4672,2019-10-12,nan,3,14,L,R
Mn4672,2019-10-12,nan,3,15,L,L
Mn4672,2019-10-12,nan,3,16,L,L
Mn4672,2019-10-12,nan,3,17,R,L
Mn4672,2019-10-12,nan,3,18,R,L
Mn4672,2019-10-12,nan,3,19,L,L
Mn4672,2019-10-12,nan,3,20,R,L
Mn4673,2019-10-12,nan,3,1,R,L
Mn4673,2019-10-12,nan,3,2,R,L
Mn4673,2019-10-12,nan,3,3,R,L
Mn4673,2019-10-12,nan,3,4,L,L
Mn4673,2019-10-12,nan,3,5,L,R
Mn4673,2019-10-12,nan,3,6,L,L
Mn4673,2019-10-12,nan,3,7,R,L
Mn4673,2019-10-12,nan,3,8,L,L
Mn4673,2019-10-12,nan,3,9,R,L
Mn4673,2019-10-12,nan,3,10,L,L
Mn4673,2019-10-12,nan,3,11,R,L
Mn4673,2019-10-12,nan,3,12,L,L
Mn4673,2019-10-12,nan,3,13,R,L
Mn4673,2019-10-12,nan,3,14,L,L
Mn4673,2019-10-12,nan,3,15,L,L
Mn4673,2019-10-12,nan,3,16,L,L
Mn4673,2019-10-12,nan,3,17,R,L
Mn4673,2019-10-12,nan,3,18,R,L
Mn4673,2019-10-12,nan,3,19,L,L
Mn4673,2019-10-12,nan,3,20,R,L
Mn7712,2019-10-12,nan,3,1,R,L
Mn7712,2019-10-12,nan,3,2,R,R
Mn7712,2019-10-12,nan,3,3,R,L
Mn7712,2019-10-12,nan,3,4,L,R
Mn7712,2019-10-12,nan,3,5,L,R
Mn7712,2019-10-12,nan,3,6,L,R
Mn7712,2019-10-12,nan,3,7,R,L
Mn7712,2019-10-12,nan,3,8,L,R
Mn7712,2019-10-12,nan,3,9,R,L
Mn7712,2019-10-12,nan,3,10,L,R
Mn7712,2019-10-12,nan,3,11,R,L
Mn7712,2019-10-12,nan,3,12,L,R
Mn7712,2019-10-12,nan,3,13,R,L
Mn7712,2019-10-12,nan,3,14,L,R
Mn7712,2019-10-12,nan,3,15,L,L
Mn7712,2019-10-12,nan,3,16,L,R
Mn7712,2019-10-12,nan,3,17,R,L
Mn7712,2019-10-12,nan,3,18,R,L
Mn7712,2019-10-12,nan,3,19,L,R
Mn7712,2019-10-12,nan,3,20,R,L
Mn7735,2019-10-12,nan,3,1,R,L
Mn7735,2019-10-12,nan,3,2,R,R
Mn7735,2019-10-12,nan,3,3,R,L
Mn7735,2019-10-12,nan,3,4,L,L
Mn7735,2019-10-12,nan,3,5,L,L
Mn7735,2019-10-12,nan,3,6,L,R
Mn7735,2019-10-12,nan,3,7,R,R
Mn7735,2019-10-12,nan,3,8,L,R
Mn7735,2019-10-12,nan,3,9,R,L
Mn7735,2019-10-12,nan,3,10,L,R
Mn7735,2019-10-12,nan,3,11,R,R
Mn7735,2019-10-12,nan,3,12,L,R
Mn7735,2019-10-12,nan,3,13,R,L
Mn7735,2019-10-12,nan,3,14,L,R
Mn7735,2019-10-12,nan,3,15,L,L
Mn7735,2019-10-12,nan,3,16,L,R
Mn7735,2019-10-12,nan,3,17,R,R
Mn7735,2019-10-12,nan,3,18,R,L
Mn7735,2019-10-12,nan,3,19,L,L
Mn7735,2019-10-12,nan,3,20,R,L
Mn829,2019-10-12,nan,3,1,R,R
Mn829,2019-10-12,nan,3,2,R,L
Mn829,2019-10-12,nan,3,3,R,L
Mn829,2019-10-12,nan,3,4,L,R
Mn829,2019-10-12,nan,3,5,L,L
Mn829,2019-10-12,nan,3,6,L,R
Mn829,2019-10-12,nan,3,7,R,R
Mn829,2019-10-12,nan,3,8,L,R
Mn829,2019-10-12,nan,3,9,R,L
Mn829,2019-10-12,nan,3,10,L,R
Mn829,2019-10-12,nan,3,11,R,L
Mn829,2019-10-12,nan,3,12,L,R
Mn829,2019-10-12,nan,3,13,R,L
Mn829,2019-10-12,nan,3,14,L,R
Mn829,2019-10-12,nan,3,15,L,R
Mn829,2019-10-12,nan,3,16,L,R
Mn829,2019-10-12,nan,3,17,R,L
Mn829,2019-10-12,nan,3,18,R,L
Mn829,2019-10-12,nan,3,19,L,R
Mn829,2019-10-12,nan,3,20,R,L
Mn4656,2019-10-16,nan,4,1,R,L
Mn4656,2019-10-16,nan,4,2,L,L
Mn4656,2019-10-16,nan,4,3,L,R
Mn4656,2019-10-16,nan,4,4,R,R
Mn4656,2019-10-16,nan,4,5,R,L
Mn4656,2019-10-16,nan,4,6,L,R
Mn4656,2019-10-16,nan,4,7,R,L
Mn4656,2019-10-16,nan,4,8,R,L
Mn4656,2019-10-16,nan,4,9,R,L
Mn4656,2019-10-16,nan,4,10,L,L
Mn848,2019-10-16,nan,4,1,R,L
Mn848,2019-10-16,nan,4,2,L,L
Mn848,2019-10-16,nan,4,3,L,R
Mn848,2019-10-16,nan,4,4,R,L
Mn848,2019-10-16,nan,4,5,R,L
Mn848,2019-10-16,nan,4,6,L,L
Mn848,2019-10-16,nan,4,7,R,L
Mn848,2019-10-16,nan,4,8,R,L
Mn848,2019-10-16,nan,4,9,R,L
Mn848,2019-10-16,nan,4,10,L,R
Mn4672,2019-10-16,nan,4,1,R,L
Mn4672,2019-10-16,nan,4,2,L,L
Mn4672,2019-10-16,nan,4,3,L,R
Mn4672,2019-10-16,nan,4,4,R,L
Mn4672,2019-10-16,nan,4,5,R,L
Mn4672,2019-10-16,nan,4,6,L,R
Mn4672,2019-10-16,nan,4,7,R,L
Mn4672,2019-10-16,nan,4,8,R,L
Mn4672,2019-10-16,nan,4,9,R,R
Mn4672,2019-10-16,nan,4,10,L,L
Mn4673,2019-10-16,nan,4,1,R,L
Mn4673,2019-10-16,nan,4,2,L,R
Mn4673,2019-10-16,nan,4,3,L,L
Mn4673,2019-10-16,nan,4,4,R,L
Mn4673,2019-10-16,nan,4,5,R,L
Mn4673,2019-10-16,nan,4,6,L,R
Mn4673,2019-10-16,nan,4,7,R,L
Mn4673,2019-10-16,nan,4,8,R,L
Mn4673,2019-10-16,nan,4,9,R,R
Mn4673,2019-10-16,nan,4,10,L,R
Mn7712,2019-10-16,nan,4,1,R,L
Mn7712,2019-10-16,nan,4,2,L,R
Mn7712,2019-10-16,nan,4,3,L,R
Mn7712,2019-10-16,nan,4,4,R,L
Mn7712,2019-10-16,nan,4,5,R,L
Mn7712,2019-10-16,nan,4,6,L,R
Mn7712,2019-10-16,nan,4,7,R,L
Mn7712,2019-10-16,nan,4,8,R,L
Mn7712,2019-10-16,nan,4,9,R,R
Mn7712,2019-10-16,nan,4,10,L,R
Mn7735,2019-10-16,nan,4,1,R,R
Mn7735,2019-10-16,nan,4,2,L,L
Mn7735,2019-10-16,nan,4,3,L,R
Mn7735,2019-10-16,nan,4,4,R,L
Mn7735,2019-10-16,nan,4,5,R,R
Mn7735,2019-10-16,nan,4,6,L,R
Mn7735,2019-10-16,nan,4,7,R,R
Mn7735,2019-10-16,nan,4,8,R,L
Mn7735,2019-10-16,nan,4,9,R,R
Mn7735,2019-10-16,nan,4,10,L,R
Mn829,2019-10-16,nan,4,1,R,R
Mn829,2019-10-16,nan,4,2,L,R
Mn829,2019-10-16,nan,4,3,L,L
Mn829,2019-10-16,nan,4,4,R,R
Mn829,2019-10-16,nan,4,5,R,L
Mn829,2019-10-16,nan,4,6,L,L
Mn829,2019-10-16,nan,4,7,R,R
Mn829,2019-10-16,nan,4,8,R,L
Mn829,2019-10-16,nan,4,9,R,L
Mn829,2019-10-16,nan,4,10,L,L
Mn4656,2019-10-17,nan,5,1,L,L
Mn4656,2019-10-17,nan,5,2,R,L
Mn4656,2019-10-17,nan,5,3,L,L
Mn4656,2019-10-17,nan,5,4,L,R
Mn4656,2019-10-17,nan,5,5,R,L
Mn4656,2019-10-17,nan,5,6,L,L
Mn4656,2019-10-17,nan,5,7,R,R
Mn4656,2019-10-17,nan,5,8,L,R
Mn4656,2019-10-17,nan,5,9,R,L
Mn4656,2019-10-17,nan,5,10,R,R
Mn848,2019-10-17,nan,5,1,L,R
Mn848,2019-10-17,nan,5,2,R,L
Mn848,2019-10-17,nan,5,3,L,R
Mn848,2019-10-17,nan,5,4,L,R
Mn848,2019-10-17,nan,5,5,R,L
Mn848,2019-10-17,nan,5,6,L,L
Mn848,2019-10-17,nan,5,7,R,L
Mn848,2019-10-17,nan,5,8,L,L
Mn848,2019-10-17,nan,5,9,R,L
Mn848,2019-10-17,nan,5,10,R,L
Mn4672,2019-10-17,nan,5,1,L,R
Mn4672,2019-10-17,nan,5,2,R,L
Mn4672,2019-10-17,nan,5,3,L,R
Mn4672,2019-10-17,nan,5,4,L,L
Mn4672,2019-10-17,nan,5,5,R,L
Mn4672,2019-10-17,nan,5,6,L,L
Mn4672,2019-10-17,nan,5,7,R,L
Mn4672,2019-10-17,nan,5,8,L,R
Mn4672,2019-10-17,nan,5,9,R,L
Mn4672,2019-10-17,nan,5,10,R,L
Mn4673,2019-10-17,nan,5,1,L,R
Mn4673,2019-10-17,nan,5,2,R,L
Mn4673,2019-10-17,nan,5,3,L,L
Mn4673,2019-10-17,nan,5,4,L,R
Mn4673,2019-10-17,nan,5,5,R,L
Mn4673,2019-10-17,nan,5,6,L,R
Mn4673,2019-10-17,nan,5,7,R,L
Mn4673,2019-10-17,nan,5,8,L,R
Mn4673,2019-10-17,nan,5,9,R,L
Mn4673,2019-10-17,nan,5,10,R,R
Mn7712,2019-10-17,nan,5,1,L,L
Mn7712,2019-10-17,nan,5,2,R,L
Mn7712,2019-10-17,nan,5,3,L,R
Mn7712,2019-10-17,nan,5,4,L,R
Mn7712,2019-10-17,nan,5,5,R,L
Mn7712,2019-10-17,nan,5,6,L,L
Mn7712,2019-10-17,nan,5,7,R,L
Mn7712,2019-10-17,nan,5,8,L,R
Mn7712,2019-10-17,nan,5,9,R,L
Mn7712,2019-10-17,nan,5,10,R,L
Mn7735,2019-10-17,nan,5,1,L,R
Mn7735,2019-10-17,nan,5,2,R,L
Mn7735,2019-10-17,nan,5,3,L,R
Mn7735,2019-10-17,nan,5,4,L,R
Mn7735,2019-10-17,nan,5,5,R,R
Mn7735,2019-10-17,nan,5,6,L,R
Mn7735,2019-10-17,nan,5,7,R,R
Mn7735,2019-10-17,nan,5,8,L,R
Mn7735,2019-10-17,nan,5,9,R,R
Mn7735,2019-10-17,nan,5,10,R,L
Mn829,2019-10-17,nan,5,1,L,R
Mn829,2019-10-17,nan,5,2,R,R
Mn829,2019-10-17,nan,5,3,L,L
Mn829,2019-10-17,nan,5,4,L,R
Mn829,2019-10-17,nan,5,5,R,R
Mn829,2019-10-17,nan,5,6,L,R
Mn829,2019-10-17,nan,5,7,R,R
Mn829,2019-10-17,nan,5,8,L,L
Mn829,2019-10-17,nan,5,9,R,R
Mn829,2019-10-17,nan,5,10,R,R
Mn4656,2019-10-18,nan,6,1,L,R
Mn4656,2019-10-18,nan,6,2,L,L
Mn4656,2019-10-18,nan,6,3,R,R
Mn4656,2019-10-18,nan,6,4,R,L
Mn4656,2019-10-18,nan,6,5,L,L
Mn4656,2019-10-18,nan,6,6,L,R
Mn4656,2019-10-18,nan,6,7,R,L
Mn4656,2019-10-18,nan,6,8,L,R
Mn4656,2019-10-18,nan,6,9,R,L
Mn4656,2019-10-18,nan,6,10,R,L
Mn848,2019-10-18,nan,6,1,L,R
Mn848,2019-10-18,nan,6,2,R,L
Mn848,2019-10-18,nan,6,3,L,L
Mn848,2019-10-18,nan,6,4,R,L
Mn848,2019-10-18,nan,6,5,R,L
Mn848,2019-10-18,nan,6,6,L,L
Mn848,2019-10-18,nan,6,7,L,R
Mn848,2019-10-18,nan,6,8,R,L
Mn848,2019-10-18,nan,6,9,R,L
Mn848,2019-10-18,nan,6,10,L,L
Mn4672,2019-10-18,nan,6,1,R,L
Mn4672,2019-10-18,nan,6,2,L,L
Mn4672,2019-10-18,nan,6,3,L,L
Mn4672,2019-10-18,nan,6,4,R,L
Mn4672,2019-10-18,nan,6,5,R,L
Mn4672,2019-10-18,nan,6,6,R,L
Mn4672,2019-10-18,nan,6,7,L,R
Mn4672,2019-10-18,nan,6,8,L,L
Mn4672,2019-10-18,nan,6,9,L,L
Mn4672,2019-10-18,nan,6,10,R,L
Mn4673,2019-10-18,nan,6,1,R,L
Mn4673,2019-10-18,nan,6,2,L,R
Mn4673,2019-10-18,nan,6,3,R,L
Mn4673,2019-10-18,nan,6,4,L,L
Mn4673,2019-10-18,nan,6,5,L,L
Mn4673,2019-10-18,nan,6,6,R,L
Mn4673,2019-10-18,nan,6,7,L,L
Mn4673,2019-10-18,nan,6,8,L,R
Mn4673,2019-10-18,nan,6,9,R,L
Mn4673,2019-10-18,nan,6,10,R,L
Mn7712,2019-10-18,nan,6,1,R,L
Mn7712,2019-10-18,nan,6,2,L,R
Mn7712,2019-10-18,nan,6,3,R,L
Mn7712,2019-10-18,nan,6,4,L,R
Mn7712,2019-10-18,nan,6,5,R,L
Mn7712,2019-10-18,nan,6,6,L,R
Mn7712,2019-10-18,nan,6,7,R,L
Mn7712,2019-10-18,nan,6,8,L,L
Mn7712,2019-10-18,nan,6,9,L,R
Mn7712,2019-10-18,nan,6,10,R,L
Mn7735,2019-10-18,nan,6,1,L,R
Mn7735,2019-10-18,nan,6,2,L,R
Mn7735,2019-10-18,nan,6,3,R,R
Mn7735,2019-10-18,nan,6,4,L,R
Mn7735,2019-10-18,nan,6,5,L,R
Mn7735,2019-10-18,nan,6,6,R,R
Mn7735,2019-10-18,nan,6,7,R,L
Mn7735,2019-10-18,nan,6,8,L,R
Mn7735,2019-10-18,nan,6,9,R,L
Mn7735,2019-10-18,nan,6,10,R,R
Mn829,2019-10-18,nan,6,1,L,R
Mn829,2019-10-18,nan,6,2,R,R
Mn829,2019-10-18,nan,6,3,L,L
Mn829,2019-10-18,nan,6,4,R,L
Mn829,2019-10-18,nan,6,5,R,L
Mn829,2019-10-18,nan,6,6,L,R
Mn829,2019-10-18,nan,6,7,L,R
Mn829,2019-10-18,nan,6,8,R,L
Mn829,2019-10-18,nan,6,9,R,R
Mn829,2019-10-18,nan,6,10,L,R
Mn4656,2019-10-19,nan,7,1,L,R
Mn4656,2019-10-19,nan,7,2,R,L
Mn4656,2019-10-19,nan,7,3,R,L
Mn4656,2019-10-19,nan,7,4,L,R
Mn4656,2019-10-19,nan,7,5,R,L
Mn4656,2019-10-19,nan,7,6,L,R
Mn4656,2019-10-19,nan,7,7,L,R
Mn4656,2019-10-19,nan,7,8,R,L
Mn4656,2019-10-19,nan,7,9,R,L
Mn4656,2019-10-19,nan,7,10,L,R
Mn848,2019-10-19,nan,7,1,L,R
Mn848,2019-10-19,nan,7,2,L,L
Mn848,2019-10-19,nan,7,3,L,R
Mn848,2019-10-19,nan,7,4,R,L
Mn848,2019-10-19,nan,7,5,R,L
Mn848,2019-10-19,nan,7,6,L,L
Mn848,2019-10-19,nan,7,7,R,L
Mn848,2019-10-19,nan,7,8,R,L
Mn848,2019-10-19,nan,7,9,R,L
Mn848,2019-10-19,nan,7,10,L,L
Mn4672,2019-10-19,nan,7,1,R,L
Mn4672,2019-10-19,nan,7,2,R,R
Mn4672,2019-10-19,nan,7,3,R,L
Mn4672,2019-10-19,nan,7,4,L,L
Mn4672,2019-10-19,nan,7,5,L,R
Mn4672,2019-10-19,nan,7,6,R,L
Mn4672,2019-10-19,nan,7,7,L,R
Mn4672,2019-10-19,nan,7,8,L,L
Mn4672,2019-10-19,nan,7,9,R,L
Mn4672,2019-10-19,nan,7,10,L,R
Mn4673,2019-10-19,nan,7,1,L,R
Mn4673,2019-10-19,nan,7,2,R,L
Mn4673,2019-10-19,nan,7,3,L,R
Mn4673,2019-10-19,nan,7,4,R,L
Mn4673,2019-10-19,nan,7,5,L,R
Mn4673,2019-10-19,nan,7,6,R,L
Mn4673,2019-10-19,nan,7,7,L,R
Mn4673,2019-10-19,nan,7,8,R,L
Mn4673,2019-10-19,nan,7,9,R,L
Mn4673,2019-10-19,nan,7,10,L,R
Mn7712,2019-10-19,nan,7,1,R,L
Mn7712,2019-10-19,nan,7,2,L,R
Mn7712,2019-10-19,nan,7,3,R,L
Mn7712,2019-10-19,nan,7,4,R,L
Mn7712,2019-10-19,nan,7,5,L,R
Mn7712,2019-10-19,nan,7,6,L,R
Mn7712,2019-10-19,nan,7,7,L,R
Mn7712,2019-10-19,nan,7,8,R,L
Mn7712,2019-10-19,nan,7,9,R,L
Mn7712,2019-10-19,nan,7,10,L,L
Mn7735,2019-10-19,nan,7,1,R,R
Mn7735,2019-10-19,nan,7,2,R,R
Mn7735,2019-10-19,nan,7,3,L,R
Mn7735,2019-10-19,nan,7,4,L,R
Mn7735,2019-10-19,nan,7,5,R,L
Mn7735,2019-10-19,nan,7,6,L,R
Mn7735,2019-10-19,nan,7,7,R,L
Mn7735,2019-10-19,nan,7,8,R,L
Mn7735,2019-10-19,nan,7,9,L,R
Mn7735,2019-10-19,nan,7,10,L,R
Mn829,2019-10-19,nan,7,1,R,L
Mn829,2019-10-19,nan,7,2,L,L
Mn829,2019-10-19,nan,7,3,R,L
Mn829,2019-10-19,nan,7,4,L,R
Mn829,2019-10-19,nan,7,5,R,L
Mn829,2019-10-19,nan,7,6,L,L
Mn829,2019-10-19,nan,7,7,L,R
Mn829,2019-10-19,nan,7,8,R,L
Mn829,2019-10-19,nan,7,9,R,L
Mn829,2019-10-19,nan,7,10,L,R
Mn4656,2019-10-21,Saline,8,1,L,L
Mn4656,2019-10-21,Saline,8,2,R,R
Mn4656,2019-10-21,Saline,8,3,L,R
Mn4656,2019-10-21,Saline,8,4,R,L
Mn4656,2019-10-21,Saline,8,5,L,R
Mn4656,2019-10-21,Saline,8,6,R,R
Mn4656,2019-10-21,Saline,8,7,L,L
Mn4656,2019-10-21,Saline,8,8,L,L
Mn4656,2019-10-21,Saline,8,9,R,L
Mn4656,2019-10-21,Saline,8,10,R,L
Mn848,2019-10-21,Saline,8,1,R,L
Mn848,2019-10-21,Saline,8,2,R,L
Mn848,2019-10-21,Saline,8,3,R,L
Mn848,2019-10-21,Saline,8,4,L,R
Mn848,2019-10-21,Saline,8,5,L,R
Mn848,2019-10-21,Saline,8,6,R,L
Mn848,2019-10-21,Saline,8,7,L,R
Mn848,2019-10-21,Saline,8,8,R,L
Mn848,2019-10-21,Saline,8,9,L,R
Mn848,2019-10-21,Saline,8,10,L,L
Mn4672,2019-10-21,Saline,8,1,L,L
Mn4672,2019-10-21,Saline,8,2,R,L
Mn4672,2019-10-21,Saline,8,3,L,R
Mn4672,2019-10-21,Saline,8,4,L,R
Mn4672,2019-10-21,Saline,8,5,R,L
Mn4672,2019-10-21,Saline,8,6,R,L
Mn4672,2019-10-21,Saline,8,7,R,L
Mn4672,2019-10-21,Saline,8,8,L,L
Mn4672,2019-10-21,Saline,8,9,L,R
Mn4672,2019-10-21,Saline,8,10,R,L
Mn4673,2019-10-21,Saline,8,1,L,R
Mn4673,2019-10-21,Saline,8,2,L,R
Mn4673,2019-10-21,Saline,8,3,R,L
Mn4673,2019-10-21,Saline,8,4,R,R
Mn4673,2019-10-21,Saline,8,5,L,L
Mn4673,2019-10-21,Saline,8,6,L,R
Mn4673,2019-10-21,Saline,8,7,R,L
Mn4673,2019-10-21,Saline,8,8,R,L
Mn4673,2019-10-21,Saline,8,9,L,L
Mn4673,2019-10-21,Saline,8,10,R,L
Mn7712,2019-10-21,Saline,8,1,L,R
Mn7712,2019-10-21,Saline,8,2,R,L
Mn7712,2019-10-21,Saline,8,3,L,L
Mn7712,2019-10-21,Saline,8,4,R,L
Mn7712,2019-10-21,Saline,8,5,R,L
Mn7712,2019-10-21,Saline,8,6,L,R
Mn7712,2019-10-21,Saline,8,7,R,L
Mn7712,2019-10-21,Saline,8,8,L,R
Mn7712,2019-10-21,Saline,8,9,R,L
Mn7712,2019-10-21,Saline,8,10,L,R
Mn7735,2019-10-21,Saline,8,1,L,R
Mn7735,2019-10-21,Saline,8,2,R,R
Mn7735,2019-10-21,Saline,8,3,R,R
Mn7735,2019-10-21,Saline,8,4,L,R
Mn7735,2019-10-21,Saline,8,5,R,R
Mn7735,2019-10-21,Saline,8,6,R,R
Mn7735,2019-10-21,Saline,8,7,L,R
Mn7735,2019-10-21,Saline,8,8,L,R
Mn7735,2019-10-21,Saline,8,9,R,R
Mn7735,2019-10-21,Saline,8,10,L,R
Mn829,2019-10-21,Saline,8,1,L,L
Mn829,2019-10-21,Saline,8,2,R,L
Mn829,2019-10-21,Saline,8,3,L,R
Mn829,2019-10-21,Saline,8,4,R,R
Mn829,2019-10-21,Saline,8,5,R,R
Mn829,2019-10-21,Saline,8,6,R,R
Mn829,2019-10-21,Saline,8,7,L,R
Mn829,2019-10-21,Saline,8,8,L,R
Mn829,2019-10-21,Saline,8,9,R,L
Mn829,2019-10-21,Saline,8,10,L,R
Mn4656,2019-10-23,Saline,9,1,R,L
Mn4656,2019-10-23,Saline,9,2,R,L
Mn4656,2019-10-23,Saline,9,3,L,L
Mn4656,2019-10-23,Saline,9,4,L,L
Mn4656,2019-10-23,Saline,9,5,L,R
Mn4656,2019-10-23,Saline,9,6,R,L
Mn4656,2019-10-23,Saline,9,7,R,L
Mn4656,2019-10-23,Saline,9,8,L,R
Mn4656,2019-10-23,Saline,9,9,R,L
Mn4656,2019-10-23,Saline,9,10,L,L
Mn848,2019-10-23,Saline,9,1,L,R
Mn848,2019-10-23,Saline,9,2,R,R
Mn848,2019-10-23,Saline,9,3,L,R
Mn848,2019-10-23,Saline,9,4,R,L
Mn848,2019-10-23,Saline,9,5,R,L
Mn848,2019-10-23,Saline,9,6,R,L
Mn848,2019-10-23,Saline,9,7,L,R
Mn848,2019-10-23,Saline,9,8,L,L
Mn848,2019-10-23,Saline,9,9,L,R
Mn848,2019-10-23,Saline,9,10,R,L
Mn4672,2019-10-23,Saline,9,1,L,L
Mn4672,2019-10-23,Saline,9,2,L,R
Mn4672,2019-10-23,Saline,9,3,L,L
Mn4672,2019-10-23,Saline,9,4,R,L
Mn4672,2019-10-23,Saline,9,5,R,R
Mn4672,2019-10-23,Saline,9,6,R,L
Mn4672,2019-10-23,Saline,9,7,L,R
Mn4672,2019-10-23,Saline,9,8,L,L
Mn4672,2019-10-23,Saline,9,9,R,L
Mn4672,2019-10-23,Saline,9,10,R,L
Mn4673,2019-10-23,Saline,9,1,L,R
Mn4673,2019-10-23,Saline,9,2,L,R
Mn4673,2019-10-23,Saline,9,3,R,L
Mn4673,2019-10-23,Saline,9,4,R,L
Mn4673,2019-10-23,Saline,9,5,L,R
Mn4673,2019-10-23,Saline,9,6,R,L
Mn4673,2019-10-23,Saline,9,7,L,R
Mn4673,2019-10-23,Saline,9,8,L,R
Mn4673,2019-10-23,Saline,9,9,R,L
Mn4673,2019-10-23,Saline,9,10,R,R
Mn7712,2019-10-23,Saline,9,1,R,L
Mn7712,2019-10-23,Saline,9,2,L,L
Mn7712,2019-10-23,Saline,9,3,L,L
Mn7712,2019-10-23,Saline,9,4,R,L
Mn7712,2019-10-23,Saline,9,5,R,L
Mn7712,2019-10-23,Saline,9,6,R,L
Mn7712,2019-10-23,Saline,9,7,L,L
Mn7712,2019-10-23,Saline,9,8,L,R
Mn7712,2019-10-23,Saline,9,9,R,L
Mn7712,2019-10-23,Saline,9,10,L,R
Mn7735,2019-10-23,Saline,9,1,L,R
Mn7735,2019-10-23,Saline,9,2,L,R
Mn7735,2019-10-23,Saline,9,3,L,R
Mn7735,2019-10-23,Saline,9,4,R,R
Mn7735,2019-10-23,Saline,9,5,L,R
Mn7735,2019-10-23,Saline,9,6,R,L
Mn7735,2019-10-23,Saline,9,7,R,R
Mn7735,2019-10-23,Saline,9,8,L,R
Mn7735,2019-10-23,Saline,9,9,R,R
Mn7735,2019-10-23,Saline,9,10,R,R
Mn829,2019-10-23,Saline,9,1,L,R
Mn829,2019-10-23,Saline,9,2,L,R
Mn829,2019-10-23,Saline,9,3,R,L
Mn829,2019-10-23,Saline,9,4,R,L
Mn829,2019-10-23,Saline,9,5,L,R
Mn829,2019-10-23,Saline,9,6,L,R
Mn829,2019-10-23,Saline,9,7,R,L
Mn829,2019-10-23,Saline,9,8,R,L
Mn829,2019-10-23,Saline,9,9,L,R
Mn829,2019-10-23,Saline,9,10,R,L
Mn4656,2019-10-24,CNO,10,1,R,L
Mn4656,2019-10-24,CNO,10,2,R,R
Mn4656,2019-10-24,CNO,10,3,L,L
Mn4656,2019-10-24,CNO,10,4,L,R
Mn4656,2019-10-24,CNO,10,5,R,L
Mn4656,2019-10-24,CNO,10,6,R,L
Mn4656,2019-10-24,CNO,10,7,L,R
Mn4656,2019-10-24,CNO,10,8,R,L
Mn4656,2019-10-24,CNO,10,9,L,R
Mn4656,2019-10-24,CNO,10,10,L,L
Mn848,2019-10-24,CNO,10,1,L,R
Mn848,2019-10-24,CNO,10,2,L,R
Mn848,2019-10-24,CNO,10,3,R,L
Mn848,2019-10-24,CNO,10,4,R,L
Mn848,2019-10-24,CNO,10,5,L,L
Mn848,2019-10-24,CNO,10,6,L,R
Mn848,2019-10-24,CNO,10,7,R,L
Mn848,2019-10-24,CNO,10,8,L,L
Mn848,2019-10-24,CNO,10,9,L,R
Mn848,2019-10-24,CNO,10,10,R,L
Mn4672,2019-10-24,CNO,10,1,R,L
Mn4672,2019-10-24,CNO,10,2,L,R
Mn4672,2019-10-24,CNO,10,3,L,R
Mn4672,2019-10-24,CNO,10,4,R,L
Mn4672,2019-10-24,CNO,10,5,R,L
Mn4672,2019-10-24,CNO,10,6,L,R
Mn4672,2019-10-24,CNO,10,7,L,R
Mn4672,2019-10-24,CNO,10,8,R,L
Mn4672,2019-10-24,CNO,10,9,L,R
Mn4672,2019-10-24,CNO,10,10,R,L
Mn4673,2019-10-24,CNO,10,1,L,R
Mn4673,2019-10-24,CNO,10,2,L,R
Mn4673,2019-10-24,CNO,10,3,R,L
Mn4673,2019-10-24,CNO,10,4,R,L
Mn4673,2019-10-24,CNO,10,5,L,R
Mn4673,2019-10-24,CNO,10,6,R,R
Mn4673,2019-10-24,CNO,10,7,R,L
Mn4673,2019-10-24,CNO,10,8,L,R
Mn4673,2019-10-24,CNO,10,9,R,L
Mn4673,2019-10-24,CNO,10,10,L,R
Mn7712,2019-10-24,CNO,10,1,R,L
Mn7712,2019-10-24,CNO,10,2,R,L
Mn7712,2019-10-24,CNO,10,3,R,L
Mn7712,2019-10-24,CNO,10,4,L,L
Mn7712,2019-10-24,CNO,10,5,L,R
Mn7712,2019-10-24,CNO,10,6,R,L
Mn7712,2019-10-24,CNO,10,7,L,L
Mn7712,2019-10-24,CNO,10,8,L,R
Mn7712,2019-10-24,CNO,10,9,L,L
Mn7712,2019-10-24,CNO,10,10,R,L
Mn7735,2019-10-24,CNO,10,1,R,L
Mn7735,2019-10-24,CNO,10,2,R,R
Mn7735,2019-10-24,CNO,10,3,L,R
Mn7735,2019-10-24,CNO,10,4,L,R
Mn7735,2019-10-24,CNO,10,5,L,R
Mn7735,2019-10-24,CNO,10,6,R,L
Mn7735,2019-10-24,CNO,10,7,R,R
Mn7735,2019-10-24,CNO,10,8,L,R
Mn7735,2019-10-24,CNO,10,9,L,R
Mn7735,2019-10-24,CNO,10,10,L,R
Mn829,2019-10-24,CNO,10,1,R,L
Mn829,2019-10-24,CNO,10,2,R,L
Mn829,2019-10-24,CNO,10,3,L,R
Mn829,2019-10-24,CNO,10,4,R,L
Mn829,2019-10-24,CNO,10,5,R,L
Mn829,2019-10-24,CNO,10,6,L,R
Mn829,2019-10-24,CNO,10,7,R,L
Mn829,2019-10-24,CNO,10,8,R,L
Mn829,2019-10-24,CNO,10,9,L,L
Mn829,2019-10-24,CNO,10,10,L,R
Mn4656,2019-10-25,CNO,11,1,R,L
Mn4656,2019-10-25,CNO,11,2,R,L
Mn4656,2019-10-25,CNO,11,3,L,L
Mn4656,2019-10-25,CNO,11,4,L,R
Mn4656,2019-10-25,CNO,11,5,L,R
Mn4656,2019-10-25,CNO,11,6,R,L
Mn4656,2019-10-25,CNO,11,7,L,L
Mn4656,2019-10-25,CNO,11,8,R,L
Mn4656,2019-10-25,CNO,11,9,L,L
Mn4656,2019-10-25,CNO,11,10,R,L
Mn848,2019-10-25,CNO,11,1,R,L
Mn848,2019-10-25,CNO,11,2,L,R
Mn848,2019-10-25,CNO,11,3,R,L
Mn848,2019-10-25,CNO,11,4,L,R
Mn848,2019-10-25,CNO,11,5,R,L
Mn848,2019-10-25,CNO,11,6,L,R
Mn848,2019-10-25,CNO,11,7,L,L
Mn848,2019-10-25,CNO,11,8,L,R
Mn848,2019-10-25,CNO,11,9,R,L
Mn848,2019-10-25,CNO,11,10,R,L
Mn4672,2019-10-25,CNO,11,1,L,R
Mn4672,2019-10-25,CNO,11,2,L,R
Mn4672,2019-10-25,CNO,11,3,R,L
Mn4672,2019-10-25,CNO,11,4,R,L
Mn4672,2019-10-25,CNO,11,5,L,R
Mn4672,2019-10-25,CNO,11,6,L,R
Mn4672,2019-10-25,CNO,11,7,R,L
Mn4672,2019-10-25,CNO,11,8,R,L
Mn4672,2019-10-25,CNO,11,9,L,R
Mn4672,2019-10-25,CNO,11,10,R,L
Mn4673,2019-10-25,CNO,11,1,R,L
Mn4673,2019-10-25,CNO,11,2,R,R
Mn4673,2019-10-25,CNO,11,3,L,R
Mn4673,2019-10-25,CNO,11,4,L,R
Mn4673,2019-10-25,CNO,11,5,L,R
Mn4673,2019-10-25,CNO,11,6,R,L
Mn4673,2019-10-25,CNO,11,7,R,L
Mn4673,2019-10-25,CNO,11,8,R,L
Mn4673,2019-10-25,CNO,11,9,L,R
Mn4673,2019-10-25,CNO,11,10,L,R
Mn7712,2019-10-25,CNO,11,1,L,R
Mn7712,2019-10-25,CNO,11,2,L,L
Mn7712,2019-10-25,CNO,11,3,L,R
Mn7712,2019-10-25,CNO,11,4,R,L
Mn7712,2019-10-25,CNO,11,5,R,L
Mn7712,2019-10-25,CNO,11,6,L,R
Mn7712,2019-10-25,CNO,11,7,R,L
Mn7712,2019-10-25,CNO,11,8,R,L
Mn7712,2019-10-25,CNO,11,9,L,R
Mn7712,2019-10-25,CNO,11,10,R,L
Mn7735,2019-10-25,CNO,11,1,L,R
Mn7735,2019-10-25,CNO,11,2,R,R
Mn7735,2019-10-25,CNO,11,3,R,R
Mn7735,2019-10-25,CNO,11,4,R,L
Mn7735,2019-10-25,CNO,11,5,L,R
Mn7735,2019-10-25,CNO,11,6,R,L
Mn7735,2019-10-25,CNO,11,7,R,R
Mn7735,2019-10-25,CNO,11,8,L,R
Mn7735,2019-10-25,CNO,11,9,L,R
Mn7735,2019-10-25,CNO,11,10,L,R
Mn829,2019-10-25,CNO,11,1,R,L
Mn829,2019-10-25,CNO,11,2,L,R
Mn829,2019-10-25,CNO,11,3,R,L
Mn829,2019-10-25,CNO,11,4,R,L
Mn829,2019-10-25,CNO,11,5,L,R
Mn829,2019-10-25,CNO,11,6,R,L
Mn829,2019-10-25,CNO,11,7,L,L
Mn829,2019-10-25,CNO,11,8,R,L
Mn829,2019-10-25,CNO,11,9,L,R
Mn829,2019-10-25,CNO,11,10,L,L
Mn4656,2019-10-30,Saline,12,1,L,L
Mn4656,2019-10-30,Saline,12,2,L,R
Mn4656,2019-10-30,Saline,12,3,R,L
Mn4656,2019-10-30,Saline,12,4,R,L
Mn4656,2019-10-30,Saline,12,5,L,L
Mn4656,2019-10-30,Saline,12,6,L,R
Mn4656,2019-10-30,Saline,12,7,L,R
Mn4656,2019-10-30,Saline,12,8,R,L
Mn4656,2019-10-30,Saline,12,9,R,L
Mn4656,2019-10-30,Saline,12,10,R,L
Mn848,2019-10-30,Saline,12,1,L,R
Mn848,2019-10-30,Saline,12,2,L,L
Mn848,2019-10-30,Saline,12,3,L,L
Mn848,2019-10-30,Saline,12,4,R,L
Mn848,2019-10-30,Saline,12,5,R,L
Mn848,2019-10-30,Saline,12,6,R,L
Mn848,2019-10-30,Saline,12,7,L,R
Mn848,2019-10-30,Saline,12,8,L,L
Mn848,2019-10-30,Saline,12,9,R,L
Mn848,2019-10-30,Saline,12,10,R,L
Mn4672,2019-10-30,Saline,12,1,L,R
Mn4672,2019-10-30,Saline,12,2,R,R
Mn4672,2019-10-30,Saline,12,3,R,L
Mn4672,2019-10-30,Saline,12,4,R,L
Mn4672,2019-10-30,Saline,12,5,L,L
Mn4672,2019-10-30,Saline,12,6,R,L
Mn4672,2019-10-30,Saline,12,7,L,L
Mn4672,2019-10-30,Saline,12,8,L,R
Mn4672,2019-10-30,Saline,12,9,R,L
Mn4672,2019-10-30,Saline,12,10,L,R
Mn4673,2019-10-30,Saline,12,1,L,R
Mn4673,2019-10-30,Saline,12,2,L,R
Mn4673,2019-10-30,Saline,12,3,L,R
Mn4673,2019-10-30,Saline,12,4,R,L
Mn4673,2019-10-30,Saline,12,5,R,L
Mn4673,2019-10-30,Saline,12,6,R,L
Mn4673,2019-10-30,Saline,12,7,L,R
Mn4673,2019-10-30,Saline,12,8,R,L
Mn4673,2019-10-30,Saline,12,9,L,R
Mn4673,2019-10-30,Saline,12,10,R,L
Mn7712,2019-10-30,Saline,12,1,L,L
Mn7712,2019-10-30,Saline,12,2,L,R
Mn7712,2019-10-30,Saline,12,3,L,R
Mn7712,2019-10-30,Saline,12,4,R,R
Mn7712,2019-10-30,Saline,12,5,L,L
Mn7712,2019-10-30,Saline,12,6,R,L
Mn7712,2019-10-30,Saline,12,7,R,L
Mn7712,2019-10-30,Saline,12,8,R,L
Mn7712,2019-10-30,Saline,12,9,L,R
Mn7712,2019-10-30,Saline,12,10,R,L
Mn7735,2019-10-30,Saline,12,1,R,R
Mn7735,2019-10-30,Saline,12,2,L,R
Mn7735,2019-10-30,Saline,12,3,L,R
Mn7735,2019-10-30,Saline,12,4,L,R
Mn7735,2019-10-30,Saline,12,5,R,R
Mn7735,2019-10-30,Saline,12,6,L,R
Mn7735,2019-10-30,Saline,12,7,L,R
Mn7735,2019-10-30,Saline,12,8,R,R
Mn7735,2019-10-30,Saline,12,9,R,R
Mn7735,2019-10-30,Saline,12,10,R,L
Mn829,2019-10-30,Saline,12,1,L,R
Mn829,2019-10-30,Saline,12,2,L,R
Mn829,2019-10-30,Saline,12,3,R,L
Mn829,2019-10-30,Saline,12,4,R,L
Mn829,2019-10-30,Saline,12,5,L,R
Mn829,2019-10-30,Saline,12,6,R,L
Mn829,2019-10-30,Saline,12,7,R,L
Mn829,2019-10-30,Saline,12,8,L,R
Mn829,2019-10-30,Saline,12,9,L,R
Mn829,2019-10-30,Saline,12,10,R,L
Mn4656,2019-10-31,CNO,13,1,R,L
Mn4656,2019-10-31,CNO,13,2,R,L
Mn4656,2019-10-31,CNO,13,3,L,R
Mn4656,2019-10-31,CNO,13,4,R,R
Mn4656,2019-10-31,CNO,13,5,L,L
Mn4656,2019-10-31,CNO,13,6,R,L
Mn4656,2019-10-31,CNO,13,7,R,L
Mn4656,2019-10-31,CNO,13,8,L,L
Mn4656,2019-10-31,CNO,13,9,L,R
Mn4656,2019-10-31,CNO,13,10,L,R
Mn848,2019-10-31,CNO,13,1,R,L
Mn848,2019-10-31,CNO,13,2,R,L
Mn848,2019-10-31,CNO,13,3,L,R
Mn848,2019-10-31,CNO,13,4,L,R
Mn848,2019-10-31,CNO,13,5,L,R
Mn848,2019-10-31,CNO,13,6,R,R
Mn848,2019-10-31,CNO,13,7,R,L
Mn848,2019-10-31,CNO,13,8,L,L
Mn848,2019-10-31,CNO,13,9,L,R
Mn848,2019-10-31,CNO,13,10,R,R
Mn4672,2019-10-31,CNO,13,1,R,L
Mn4672,2019-10-31,CNO,13,2,L,R
Mn4672,2019-10-31,CNO,13,3,R,L
Mn4672,2019-10-31,CNO,13,4,R,R
Mn4672,2019-10-31,CNO,13,5,L,R
Mn4672,2019-10-31,CNO,13,6,L,R
Mn4672,2019-10-31,CNO,13,7,R,L
Mn4672,2019-10-31,CNO,13,8,L,R
Mn4672,2019-10-31,CNO,13,9,R,L
Mn4672,2019-10-31,CNO,13,10,L,R
Mn4673,2019-10-31,CNO,13,1,R,L
Mn4673,2019-10-31,CNO,13,2,R,L
Mn4673,2019-10-31,CNO,13,3,L,R
Mn4673,2019-10-31,CNO,13,4,L,R
Mn4673,2019-10-31,CNO,13,5,L,L
Mn4673,2019-10-31,CNO,13,6,R,L
Mn4673,2019-10-31,CNO,13,7,R,L
Mn4673,2019-10-31,CNO,13,8,L,R
Mn4673,2019-10-31,CNO,13,9,L,R
Mn4673,2019-10-31,CNO,13,10,R,R
Mn7712,2019-10-31,CNO,13,1,R,L
Mn7712,2019-10-31,CNO,13,2,L,R
Mn7712,2019-10-31,CNO,13,3,L,R
Mn7712,2019-10-31,CNO,13,4,L,L
Mn7712,2019-10-31,CNO,13,5,R,L
Mn7712,2019-10-31,CNO,13,6,L,R
Mn7712,2019-10-31,CNO,13,7,R,L
Mn7712,2019-10-31,CNO,13,8,L,R
Mn7712,2019-10-31,CNO,13,9,R,L
Mn7712,2019-10-31,CNO,13,10,R,R
Mn7735,2019-10-31,CNO,13,1,R,R
Mn7735,2019-10-31,CNO,13,2,L,R
Mn7735,2019-10-31,CNO,13,3,R,R
Mn7735,2019-10-31,CNO,13,4,L,R
Mn7735,2019-10-31,CNO,13,5,L,R
Mn7735,2019-10-31,CNO,13,6,L,R
Mn7735,2019-10-31,CNO,13,7,R,R
Mn7735,2019-10-31,CNO,13,8,R,R
Mn7735,2019-10-31,CNO,13,9,R,L
Mn7735,2019-10-31,CNO,13,10,L,R
Mn829,2019-10-31,CNO,13,1,L,R
Mn829,2019-10-31,CNO,13,2,R,L
Mn829,2019-10-31,CNO,13,3,R,L
Mn829,2019-10-31,CNO,13,4,L,R
Mn829,2019-10-31,CNO,13,5,L,R
Mn829,2019-10-31,CNO,13,6,L,R
Mn829,2019-10-31,CNO,13,7,R,L
Mn829,2019-10-31,CNO,13,8,L,R
Mn829,2019-10-31,CNO,13,9,R,R
Mn829,2019-10-31,CNO,13,10,R,L
